[
  {
    "value": "Muslim World League",
    "synonyms": [
      "Muslim World League",
      "MWL",
      "3"
    ]
  },
  {
    "value": "Shia Ithna-Ansari",
    "synonyms": [
      "Shia Ithna-Ansari",
      "SIA",
      "0"
    ]
  },
  {
    "value": "University of Islamic Sciences, Karachi",
    "synonyms": [
      "University of Islamic Sciences, Karachi",
      "islamic sciences",
      "karachi",
      "1"
    ]
  },
  {
    "value": "Islamic Society of North America",
    "synonyms": [
      "Islamic Society of North America",
      "ISNA",
      "2"
    ]
  },
  {
    "value": "Umm Al-Qura University, Makkah",
    "synonyms": [
      "Umm Al-Qura University, Makkah",
      "Makkah",
      "4",
      "Umm Al Qura"
    ]
  },
  {
    "value": "Egyptian General Authority of Survey",
    "synonyms": [
      "Egyptian General Authority of Survey",
      "EGAS",
      "5",
      "Egypt"
    ]
  },
  {
    "value": "Institute of Geophysics, University of Tehran",
    "synonyms": [
      "Institute of Geophysics, University of Tehran",
      "university of tehran",
      "institute of geophysics",
      "7"
    ]
  },
  {
    "value": "Gulf Region",
    "synonyms": [
      "Gulf Region",
      "8"
    ]
  },
  {
    "value": "Kuwait",
    "synonyms": [
      "Kuwait",
      "9"
    ]
  },
  {
    "value": "Qatar",
    "synonyms": [
      "Qatar",
      "10"
    ]
  },
  {
    "value": "Majlis Ugama Islam Singapura, Singapore",
    "synonyms": [
      "Majlis Ugama Islam Singapura, Singapore",
      "11",
      "singapore",
      "majlis ugama"
    ]
  },
  {
    "value": "Union Organization islamic de France",
    "synonyms": [
      "Union Organization islamic de France",
      "Uoif",
      "12",
      "france"
    ]
  },
  {
    "value": "Diyanet İşleri Başkanlığı, Turkey",
    "synonyms": [
      "Diyanet İşleri Başkanlığı, Turkey",
      "dibt",
      "13",
      "turkey"
    ]
  },
  {
    "value": "Spiritual Administration of Muslims of Russia",
    "synonyms": [
      "Spiritual Administration of Muslims of Russia",
      "russia",
      "14",
      "SAMR"
    ]
  }
]