[
  {
    "id": "cb60400d-8939-48ef-8d82-b6d693c86bc7",
    "data": [
      {
        "text": "midnight",
        "meta": "@sys.ignore",
        "userDefined": false
      },
      {
        "text": " calculation method",
        "userDefined": false
      }
    ],
    "isTemplate": false,
    "count": 0,
    "updated": 0
  },
  {
    "id": "2770a018-dd10-4fba-964d-e249123fe368",
    "data": [
      {
        "text": "midnight",
        "meta": "@sys.ignore",
        "userDefined": false
      },
      {
        "text": " method",
        "userDefined": false
      }
    ],
    "isTemplate": false,
    "count": 0,
    "updated": 0
  },
  {
    "id": "b6fb987d-220c-4aaa-871c-cdff0333958c",
    "data": [
      {
        "text": "change ",
        "userDefined": false
      },
      {
        "text": "midnight",
        "meta": "@sys.ignore",
        "userDefined": false
      }
    ],
    "isTemplate": false,
    "count": 0,
    "updated": 0
  },
  {
    "id": "a7453fd3-66e7-426a-b57c-e9746410c6d2",
    "data": [
      {
        "text": "midnight mode",
        "userDefined": false
      }
    ],
    "isTemplate": false,
    "count": 0,
    "updated": 0
  },
  {
    "id": "076b183b-b8ea-4ec2-8596-9d042b13a73a",
    "data": [
      {
        "text": "change midnight mode",
        "userDefined": false
      }
    ],
    "isTemplate": false,
    "count": 0,
    "updated": 0
  },
  {
    "id": "e8a0524b-9ae1-4be1-978e-15cbb0bf3354",
    "data": [
      {
        "text": "change midnight mode to ",
        "userDefined": false
      },
      {
        "text": "mid sunset to sunrise",
        "alias": "MidnightMode",
        "meta": "@MidnightMode",
        "userDefined": false
      }
    ],
    "isTemplate": false,
    "count": 0,
    "updated": 0
  }
]