[
  {
    "id": "b5d73b22-ed0b-402c-871b-d839cf1b708c",
    "data": [
      {
        "text": "latitude calculation method",
        "userDefined": false
      }
    ],
    "isTemplate": false,
    "count": 0,
    "updated": 0
  },
  {
    "id": "b3f14465-f105-457e-9e26-ea8914edb3e4",
    "data": [
      {
        "text": "adjust latitude",
        "userDefined": false
      }
    ],
    "isTemplate": false,
    "count": 0,
    "updated": 0
  },
  {
    "id": "d3f36c47-67c9-4588-b057-c18666e0701f",
    "data": [
      {
        "text": "change latitude adjustment to ",
        "userDefined": false
      },
      {
        "text": "Middle of the night",
        "alias": "LatitudeMethod",
        "meta": "@LatitudeMethod",
        "userDefined": false
      }
    ],
    "isTemplate": false,
    "count": 0,
    "updated": 0
  },
  {
    "id": "31ed9460-f2c2-4d91-a501-a32c287bb67e",
    "data": [
      {
        "text": "change my latitude method",
        "userDefined": false
      }
    ],
    "isTemplate": false,
    "count": 0,
    "updated": 0
  },
  {
    "id": "bf8be1e8-8128-40bb-b10c-0fc3d337d97f",
    "data": [
      {
        "text": "high lat method",
        "userDefined": false
      }
    ],
    "isTemplate": false,
    "count": 0,
    "updated": 0
  },
  {
    "id": "b70360c7-ee5a-40f1-be2d-585a31504df8",
    "data": [
      {
        "text": "latitude method",
        "userDefined": false
      }
    ],
    "isTemplate": false,
    "count": 0,
    "updated": 0
  },
  {
    "id": "86806829-7dc0-4cc6-97b7-b1a1358701a9",
    "data": [
      {
        "text": "latitude adjustment",
        "userDefined": false
      }
    ],
    "isTemplate": false,
    "count": 0,
    "updated": 0
  },
  {
    "id": "db736040-a3b1-483d-a565-041e6211e4ca",
    "data": [
      {
        "text": "latitude",
        "userDefined": false
      }
    ],
    "isTemplate": false,
    "count": 0,
    "updated": 0
  },
  {
    "id": "8b9b1dea-7382-4b02-9720-8f5d94c58118",
    "data": [
      {
        "text": "high latitude adjustment",
        "userDefined": false
      }
    ],
    "isTemplate": false,
    "count": 0,
    "updated": 0
  }
]