[
  {
    "id": "ec140176-115d-4b7b-b452-10d616288e23",
    "data": [
      {
        "text": "juristic school",
        "userDefined": false
      }
    ],
    "isTemplate": false,
    "count": 0,
    "updated": 0
  },
  {
    "id": "9317e04c-71f4-40f6-8539-6868ff01a54c",
    "data": [
      {
        "text": "change juristic method to ",
        "userDefined": false
      },
      {
        "text": "default",
        "alias": "JuristicMethod",
        "meta": "@JuristicMethod",
        "userDefined": false
      }
    ],
    "isTemplate": false,
    "count": 0,
    "updated": 0
  },
  {
    "id": "68256d2a-d1c4-4227-b3b7-082fbedab0e6",
    "data": [
      {
        "text": "juristic",
        "userDefined": false
      }
    ],
    "isTemplate": false,
    "count": 0,
    "updated": 0
  },
  {
    "id": "5ae98698-b89a-4447-b3cd-6faeac698e66",
    "data": [
      {
        "text": "school for calculation",
        "userDefined": false
      }
    ],
    "isTemplate": false,
    "count": 0,
    "updated": 0
  },
  {
    "id": "0c7be581-67c3-4655-8fdf-a2ddd22e432d",
    "data": [
      {
        "text": "change school to ",
        "userDefined": false
      },
      {
        "text": "hanafi",
        "alias": "JuristicMethod",
        "meta": "@JuristicMethod",
        "userDefined": false
      }
    ],
    "isTemplate": false,
    "count": 0,
    "updated": 0
  },
  {
    "id": "51a189bb-3c70-4c1d-9410-1cb1f4df7aa2",
    "data": [
      {
        "text": "school",
        "userDefined": false
      }
    ],
    "isTemplate": false,
    "count": 0,
    "updated": 0
  },
  {
    "id": "dfaa0f67-b6a5-4e1b-9305-31cb632947fe",
    "data": [
      {
        "text": "change school",
        "userDefined": false
      }
    ],
    "isTemplate": false,
    "count": 0,
    "updated": 0
  },
  {
    "id": "d4c7e33e-5ff6-4972-9c45-441406429df4",
    "data": [
      {
        "text": "change juristic method",
        "userDefined": false
      }
    ],
    "isTemplate": false,
    "count": 0,
    "updated": 0
  },
  {
    "id": "bc964257-fc10-408a-88c9-a340d1bcfe6a",
    "data": [
      {
        "text": "juristic method",
        "userDefined": false
      }
    ],
    "isTemplate": false,
    "count": 0,
    "updated": 0
  }
]