[
  {
    "id": "c117b66b-77aa-47cf-b190-dfff8f2a1336",
    "data": [
      {
        "text": "change calculation method to ",
        "userDefined": false
      },
      {
        "text": "muslim world league",
        "alias": "CalcMethod",
        "meta": "@CalcMethod",
        "userDefined": false
      }
    ],
    "isTemplate": false,
    "count": 0,
    "updated": 0
  },
  {
    "id": "c50effc0-b54b-4ae8-b041-b895bbf5ed4b",
    "data": [
      {
        "text": "method of calculation",
        "userDefined": false
      }
    ],
    "isTemplate": false,
    "count": 0,
    "updated": 0
  },
  {
    "id": "83a78487-6ba3-4e6f-a4c4-38bb0c7f488b",
    "data": [
      {
        "text": "calculation method",
        "userDefined": false
      }
    ],
    "isTemplate": false,
    "count": 0,
    "updated": 0
  },
  {
    "id": "2bfef3f4-ef9c-44f4-b209-ea522484a787",
    "data": [
      {
        "text": "calculation",
        "userDefined": false
      }
    ],
    "isTemplate": false,
    "count": 0,
    "updated": 0
  },
  {
    "id": "11907dbe-dd4d-4524-bb89-3d9fb75ef212",
    "data": [
      {
        "text": "change calculation method",
        "userDefined": false
      }
    ],
    "isTemplate": false,
    "count": 0,
    "updated": 0
  }
]