[
  {
    "id": "10b44250-c099-4906-91dc-6501686141b0",
    "data": [
      {
        "text": "midnight",
        "meta": "@sys.ignore",
        "userDefined": false
      },
      {
        "text": " offset",
        "userDefined": false
      }
    ],
    "isTemplate": false,
    "count": 0,
    "updated": 0
  },
  {
    "id": "4d860974-fca3-40f5-b13c-26d59408d15a",
    "data": [
      {
        "text": "modify isha offset",
        "userDefined": false
      }
    ],
    "isTemplate": false,
    "count": 0,
    "updated": 0
  },
  {
    "id": "d0eb043e-46da-42eb-9e18-935981615e77",
    "data": [
      {
        "text": "change sunset offset",
        "userDefined": false
      }
    ],
    "isTemplate": false,
    "count": 0,
    "updated": 0
  },
  {
    "id": "d94b1864-952b-4ee9-a3fa-ed6415ee918c",
    "data": [
      {
        "text": "change maghrib offsetcha",
        "userDefined": false
      }
    ],
    "isTemplate": false,
    "count": 0,
    "updated": 0
  },
  {
    "id": "010849a8-3ec8-4632-923c-94358b2a12ff",
    "data": [
      {
        "text": "add time to asr offset",
        "userDefined": false
      }
    ],
    "isTemplate": false,
    "count": 0,
    "updated": 0
  },
  {
    "id": "dc020468-5235-441e-8c70-5523dee5ebe0",
    "data": [
      {
        "text": "modify sunrise offset",
        "userDefined": false
      }
    ],
    "isTemplate": false,
    "count": 0,
    "updated": 0
  },
  {
    "id": "b886fcbc-3217-431c-af3a-d4297dacaaf4",
    "data": [
      {
        "text": "change dhuhr offset",
        "userDefined": false
      }
    ],
    "isTemplate": false,
    "count": 0,
    "updated": 0
  },
  {
    "id": "8e2983ef-fbc3-43e7-8a7c-07680b65a190",
    "data": [
      {
        "text": "change imsak offset",
        "userDefined": false
      }
    ],
    "isTemplate": false,
    "count": 0,
    "updated": 0
  },
  {
    "id": "29df8173-512b-4616-91eb-7b91839bda1f",
    "data": [
      {
        "text": "alter fajr offset",
        "userDefined": false
      }
    ],
    "isTemplate": false,
    "count": 0,
    "updated": 0
  },
  {
    "id": "308bc5f3-85be-4dde-b27c-d287f0b6bfb8",
    "data": [
      {
        "text": "alter ",
        "userDefined": false
      },
      {
        "text": "default",
        "meta": "@sys.ignore",
        "userDefined": false
      },
      {
        "text": " offsets",
        "userDefined": false
      }
    ],
    "isTemplate": false,
    "count": 0,
    "updated": 0
  },
  {
    "id": "b78fa5ec-a9b1-470e-b11b-27df69b16c3a",
    "data": [
      {
        "text": "change saved offset values",
        "userDefined": false
      }
    ],
    "isTemplate": false,
    "count": 0,
    "updated": 0
  },
  {
    "id": "e087d5fa-a0dc-4952-bfd5-52faefb65e50",
    "data": [
      {
        "text": "i want to put offsets on the times",
        "userDefined": false
      }
    ],
    "isTemplate": false,
    "count": 0,
    "updated": 0
  },
  {
    "id": "6de82dfe-ffa8-4f7a-873d-e30199b460a7",
    "data": [
      {
        "text": "modify offsets",
        "userDefined": false
      }
    ],
    "isTemplate": false,
    "count": 0,
    "updated": 0
  },
  {
    "id": "5c2b7d88-8bf5-4321-88af-0e5535da3a37",
    "data": [
      {
        "text": "add offset to times",
        "userDefined": false
      }
    ],
    "isTemplate": false,
    "count": 0,
    "updated": 0
  },
  {
    "id": "7d8dfbe5-0ca0-475b-8b23-25cd881df60f",
    "data": [
      {
        "text": "offset amount",
        "userDefined": false
      }
    ],
    "isTemplate": false,
    "count": 0,
    "updated": 0
  },
  {
    "id": "9e516e7c-d46f-4a97-9198-9816d97fed25",
    "data": [
      {
        "text": "offset prayer times",
        "userDefined": false
      }
    ],
    "isTemplate": false,
    "count": 0,
    "updated": 0
  },
  {
    "id": "7872eca2-5329-41be-b0d2-d4ed1f4b8846",
    "data": [
      {
        "text": "offsets",
        "userDefined": false
      }
    ],
    "isTemplate": false,
    "count": 0,
    "updated": 0
  },
  {
    "id": "66eb9ca6-902f-4fc6-b6a6-d36a73b7cf4d",
    "data": [
      {
        "text": "change offsets",
        "userDefined": false
      }
    ],
    "isTemplate": false,
    "count": 0,
    "updated": 0
  }
]