[
  {
    "id": "97b9b71f-bccf-47cc-bf01-7c5aa901594f",
    "data": [
      {
        "text": "favourite times",
        "userDefined": false
      }
    ],
    "isTemplate": false,
    "count": 0,
    "updated": 0
  },
  {
    "id": "e4244a5d-8f2b-4469-8a92-07076608b00a",
    "data": [
      {
        "text": "saved times",
        "userDefined": false
      }
    ],
    "isTemplate": false,
    "count": 0,
    "updated": 0
  },
  {
    "id": "7e4a53a7-2aed-4c2d-af74-64c09f4b981b",
    "data": [
      {
        "text": "usual prayer times",
        "userDefined": false
      }
    ],
    "isTemplate": false,
    "count": 0,
    "updated": 0
  },
  {
    "id": "bac52a74-28d0-4bce-bf24-d56ec181908d",
    "data": [
      {
        "text": "i want times for my favourite area",
        "userDefined": false
      }
    ],
    "isTemplate": false,
    "count": 0,
    "updated": 0
  },
  {
    "id": "d402c3e6-bcd7-401d-be15-ae4056873741",
    "data": [
      {
        "text": "prayer times favourite city",
        "userDefined": false
      }
    ],
    "isTemplate": false,
    "count": 0,
    "updated": 0
  },
  {
    "id": "d473aa17-b872-4380-b963-2ac11c33598f",
    "data": [
      {
        "text": "prayer saved location",
        "userDefined": false
      }
    ],
    "isTemplate": false,
    "count": 0,
    "updated": 0
  },
  {
    "id": "1222b319-5da8-4736-8a1f-4546f7598c84",
    "data": [
      {
        "text": "prayer times for favourite location",
        "userDefined": false
      }
    ],
    "isTemplate": false,
    "count": 0,
    "updated": 0
  },
  {
    "id": "f07b13d3-21bc-41cd-a4c3-2289e287afe3",
    "data": [
      {
        "text": "get times for my favourite city",
        "userDefined": false
      }
    ],
    "isTemplate": false,
    "count": 0,
    "updated": 0
  },
  {
    "id": "9a7a62e2-ba85-434b-afda-7c51e6ac5511",
    "data": [
      {
        "text": "times saved location",
        "userDefined": false
      }
    ],
    "isTemplate": false,
    "count": 0,
    "updated": 0
  }
]