[
  {
    "id": "7cfceeec-63ad-4e21-a40c-73dc294b70d4",
    "data": [
      {
        "text": "favourite location ",
        "userDefined": false
      },
      {
        "text": "wattle grove",
        "alias": "city",
        "meta": "@sys.location",
        "userDefined": true
      },
      {
        "text": " ",
        "userDefined": false
      },
      {
        "text": "australia",
        "alias": "country",
        "meta": "@sys.geo-country",
        "userDefined": false
      }
    ],
    "isTemplate": false,
    "count": 0,
    "updated": 0
  },
  {
    "id": "0806ae0a-4f3e-4c23-924d-d60f771dc548",
    "data": [
      {
        "text": "remember ",
        "userDefined": false
      },
      {
        "text": "jakarta",
        "alias": "city",
        "meta": "@sys.location",
        "userDefined": true
      },
      {
        "text": " ",
        "userDefined": false
      },
      {
        "text": "indonesia",
        "alias": "country",
        "meta": "@sys.geo-country",
        "userDefined": true
      },
      {
        "text": " for prayer times",
        "userDefined": false
      }
    ],
    "isTemplate": false,
    "count": 0,
    "updated": 0
  },
  {
    "id": "1dd6b988-4a21-40bd-bcc2-7ab009646dba",
    "data": [
      {
        "text": "my favourite city is ",
        "userDefined": false
      },
      {
        "text": "new zealand",
        "alias": "country",
        "meta": "@sys.geo-country",
        "userDefined": false
      },
      {
        "text": ", ",
        "userDefined": false
      },
      {
        "text": "wellington",
        "alias": "city",
        "meta": "@sys.location",
        "userDefined": false
      }
    ],
    "isTemplate": false,
    "count": 0,
    "updated": 0
  },
  {
    "id": "d05aa10e-ca28-4b04-a4e2-c274c20dc9bc",
    "data": [
      {
        "text": "i want you to remember ",
        "userDefined": false
      },
      {
        "text": "los angeles",
        "alias": "city",
        "meta": "@sys.location",
        "userDefined": false
      },
      {
        "text": ", ",
        "userDefined": false
      },
      {
        "text": "united states",
        "alias": "country",
        "meta": "@sys.geo-country",
        "userDefined": false
      }
    ],
    "isTemplate": false,
    "count": 0,
    "updated": 0
  },
  {
    "id": "8af0f651-0b7d-4617-a547-2d4c3aaa65a3",
    "data": [
      {
        "text": "save ",
        "userDefined": false
      },
      {
        "text": "north parramatta",
        "alias": "city",
        "meta": "@sys.location",
        "userDefined": true
      },
      {
        "text": " ",
        "userDefined": false
      },
      {
        "text": "australia",
        "alias": "country",
        "meta": "@sys.geo-country",
        "userDefined": false
      }
    ],
    "isTemplate": false,
    "count": 0,
    "updated": 0
  },
  {
    "id": "deb60556-aca2-4f9b-84f5-b283dd047072",
    "data": [
      {
        "text": "abu dhabi",
        "alias": "city",
        "meta": "@sys.location",
        "userDefined": true
      },
      {
        "text": ", ",
        "userDefined": false
      },
      {
        "text": "united arab emirates",
        "alias": "country",
        "meta": "@sys.geo-country",
        "userDefined": false
      },
      {
        "text": " is my favourite city",
        "userDefined": false
      }
    ],
    "isTemplate": false,
    "count": 0,
    "updated": 0
  },
  {
    "id": "f6c83181-73e9-4f9b-a927-a633e19f1468",
    "data": [
      {
        "text": "change favourite location to ",
        "userDefined": false
      },
      {
        "text": "gregory hills",
        "alias": "city",
        "meta": "@sys.location",
        "userDefined": false
      },
      {
        "text": " ",
        "userDefined": false
      },
      {
        "text": "australia",
        "alias": "country",
        "meta": "@sys.geo-country",
        "userDefined": false
      }
    ],
    "isTemplate": false,
    "count": 0,
    "updated": 0
  }
]