[
  {
    "id": "1e45adb3-f837-47c9-aa16-cbe8ae72ac22",
    "data": [
      {
        "text": "yes get times",
        "userDefined": false
      }
    ],
    "isTemplate": false,
    "count": 0,
    "updated": 0
  },
  {
    "id": "096744c2-df01-4e8f-8d71-0b1334f865aa",
    "data": [
      {
        "text": "times saved location",
        "userDefined": false
      }
    ],
    "isTemplate": false,
    "count": 0,
    "updated": 0
  },
  {
    "id": "e2c9f1f0-e6b3-4e98-8798-1aadb268be19",
    "data": [
      {
        "text": "prayer times for my favourite city",
        "userDefined": false
      }
    ],
    "isTemplate": false,
    "count": 0,
    "updated": 0
  },
  {
    "id": "42174ae8-23a2-4fb2-b496-c34e3d9b9d81",
    "data": [
      {
        "text": "prayer times for my favourite location",
        "userDefined": false
      }
    ],
    "isTemplate": false,
    "count": 0,
    "updated": 0
  },
  {
    "id": "16929294-e8db-4525-bd3a-cc4515b93026",
    "data": [
      {
        "text": "prayer saved location",
        "userDefined": false
      }
    ],
    "isTemplate": false,
    "count": 0,
    "updated": 0
  },
  {
    "id": "f77eab28-66ec-4137-a8d3-6d9a3372a961",
    "data": [
      {
        "text": "prayer times favourite city",
        "userDefined": false
      }
    ],
    "isTemplate": false,
    "count": 0,
    "updated": 0
  },
  {
    "id": "2bcc8501-beab-43bf-8802-d7c634584c53",
    "data": [
      {
        "text": "i want times for my favourite area",
        "userDefined": false
      }
    ],
    "isTemplate": false,
    "count": 0,
    "updated": 0
  },
  {
    "id": "c6dd4707-90db-421d-939b-e22473205bdb",
    "data": [
      {
        "text": "usual prayer times",
        "userDefined": false
      }
    ],
    "isTemplate": false,
    "count": 0,
    "updated": 0
  },
  {
    "id": "5e7446bc-5b7e-4b8d-825c-0b8eab81cef0",
    "data": [
      {
        "text": "saved times",
        "userDefined": false
      }
    ],
    "isTemplate": false,
    "count": 0,
    "updated": 0
  },
  {
    "id": "6f409dfb-8325-4e80-a903-bd1ee5dfbc19",
    "data": [
      {
        "text": "get prayer times",
        "userDefined": false
      }
    ],
    "isTemplate": false,
    "count": 0,
    "updated": 0
  }
]