[
  {
    "id": "bfff379d-208f-4752-befb-5b2fbe7b0ca2",
    "data": [
      {
        "text": "check saved country and city",
        "userDefined": false
      }
    ],
    "isTemplate": false,
    "count": 0,
    "updated": 0
  },
  {
    "id": "a8ef6e1d-7254-4cfb-93ca-3e11056762b8",
    "data": [
      {
        "text": "saved location",
        "userDefined": false
      }
    ],
    "isTemplate": false,
    "count": 0,
    "updated": 0
  },
  {
    "id": "28d0407c-cca4-4dbb-bba1-4387b6c13572",
    "data": [
      {
        "text": "saved city",
        "userDefined": false
      }
    ],
    "isTemplate": false,
    "count": 0,
    "updated": 0
  },
  {
    "id": "142eea93-b5af-41ae-885b-eae463adaaa3",
    "data": [
      {
        "text": "favourite suburb",
        "userDefined": false
      }
    ],
    "isTemplate": false,
    "count": 0,
    "updated": 0
  },
  {
    "id": "429a8b78-ef3e-4322-850c-f2a85420d44a",
    "data": [
      {
        "text": "favourite city",
        "userDefined": false
      }
    ],
    "isTemplate": false,
    "count": 0,
    "updated": 0
  },
  {
    "id": "cea3312c-6737-482c-ac4c-e9347192505a",
    "data": [
      {
        "text": "favourite town",
        "userDefined": false
      }
    ],
    "isTemplate": false,
    "count": 0,
    "updated": 0
  },
  {
    "id": "32114f99-da73-432f-a8b2-7331b7a174c2",
    "data": [
      {
        "text": "what is my favourite location",
        "userDefined": false
      }
    ],
    "isTemplate": false,
    "count": 0,
    "updated": 0
  },
  {
    "id": "049284d0-c6f8-4bf3-abe2-d3a66eb82f12",
    "data": [
      {
        "text": "my favourite area",
        "userDefined": false
      }
    ],
    "isTemplate": false,
    "count": 0,
    "updated": 0
  },
  {
    "id": "0bbd6a80-8de9-44af-87b2-5091cfe4de18",
    "data": [
      {
        "text": "favourite country",
        "userDefined": false
      }
    ],
    "isTemplate": false,
    "count": 1,
    "updated": 0
  },
  {
    "id": "5a5172b0-af56-4617-abef-aedd586f1610",
    "data": [
      {
        "text": "favourite",
        "userDefined": false
      }
    ],
    "isTemplate": false,
    "count": 0,
    "updated": 0
  },
  {
    "id": "0771d56b-7cdb-42f3-833d-afd095e62ab3",
    "data": [
      {
        "text": "favourite location",
        "userDefined": false
      }
    ],
    "isTemplate": false,
    "count": 0,
    "updated": 0
  }
]