[
  {
    "id": "73a63120-e33d-4013-aab4-23470f9bce40",
    "data": [
      {
        "text": "Other options",
        "userDefined": false
      }
    ],
    "isTemplate": false,
    "count": 0,
    "updated": 0
  },
  {
    "id": "cda3d6a2-f3bb-4ef3-80e7-2db49207f40d",
    "data": [
      {
        "text": "why arent you working",
        "userDefined": false
      }
    ],
    "isTemplate": false,
    "count": 0,
    "updated": 0
  },
  {
    "id": "8cc33843-bad1-45dd-b272-ef17deefa27c",
    "data": [
      {
        "text": "i dont know what to do",
        "userDefined": false
      }
    ],
    "isTemplate": false,
    "count": 0,
    "updated": 0
  },
  {
    "id": "cc297849-b643-4799-acdb-51d7e97e470a",
    "data": [
      {
        "text": "instruction manual",
        "userDefined": false
      }
    ],
    "isTemplate": false,
    "count": 0,
    "updated": 0
  },
  {
    "id": "08b29760-1785-46f0-9911-ecc4937cba93",
    "data": [
      {
        "text": "how do i use this",
        "userDefined": false
      }
    ],
    "isTemplate": false,
    "count": 0,
    "updated": 0
  },
  {
    "id": "d09483c0-c308-4408-b0ec-dbc299039155",
    "data": [
      {
        "text": "how do i get times",
        "userDefined": false
      }
    ],
    "isTemplate": false,
    "count": 0,
    "updated": 0
  },
  {
    "id": "3dc1e2ff-fc6e-4853-81ec-86ec8762c92f",
    "data": [
      {
        "text": "about",
        "userDefined": false
      }
    ],
    "isTemplate": false,
    "count": 0,
    "updated": 0
  },
  {
    "id": "4a5116ff-2120-402d-af5a-f700f696087c",
    "data": [
      {
        "text": "help",
        "userDefined": false
      }
    ],
    "isTemplate": false,
    "count": 0,
    "updated": 0
  },
  {
    "id": "d7d17077-5cd0-4d49-bc9d-ad16d2fd05ec",
    "data": [
      {
        "text": "what can you do",
        "userDefined": false
      }
    ],
    "isTemplate": false,
    "count": 0,
    "updated": 0
  },
  {
    "id": "7b4b482b-a092-4958-9462-48e758edb6ae",
    "data": [
      {
        "text": "information",
        "userDefined": false
      }
    ],
    "isTemplate": false,
    "count": 0,
    "updated": 0
  },
  {
    "id": "790192df-d06d-44dc-b112-784cbf9defc6",
    "data": [
      {
        "text": "info",
        "userDefined": false
      }
    ],
    "isTemplate": false,
    "count": 0,
    "updated": 0
  }
]