[
  {
    "id": "4a5116ff-2120-402d-af5a-f700f696087c",
    "data": [
      {
        "text": "help",
        "userDefined": false
      }
    ],
    "isTemplate": false,
    "count": 0,
    "updated": 0
  },
  {
    "id": "d7d17077-5cd0-4d49-bc9d-ad16d2fd05ec",
    "data": [
      {
        "text": "what can you do",
        "userDefined": false
      }
    ],
    "isTemplate": false,
    "count": 0,
    "updated": 0
  },
  {
    "id": "7b4b482b-a092-4958-9462-48e758edb6ae",
    "data": [
      {
        "text": "information",
        "userDefined": false
      }
    ],
    "isTemplate": false,
    "count": 0,
    "updated": 0
  },
  {
    "id": "790192df-d06d-44dc-b112-784cbf9defc6",
    "data": [
      {
        "text": "info",
        "userDefined": false
      }
    ],
    "isTemplate": false,
    "count": 0,
    "updated": 0
  }
]