[
  {
    "id": "2ffdf11a-4d7a-4130-8e1b-8661c6784900",
    "data": [
      {
        "text": "view saved information",
        "userDefined": false
      }
    ],
    "isTemplate": false,
    "count": 0,
    "updated": 0
  },
  {
    "id": "4560235b-25ec-4cf3-9cb1-ea6fb961768d",
    "data": [
      {
        "text": "what are my saved preferences",
        "userDefined": false
      }
    ],
    "isTemplate": false,
    "count": 0,
    "updated": 0
  },
  {
    "id": "fb0a7793-74c5-4468-b2af-339df58bb76b",
    "data": [
      {
        "text": "settings",
        "userDefined": false
      }
    ],
    "isTemplate": false,
    "count": 0,
    "updated": 0
  },
  {
    "id": "ab75d8bc-a11c-405d-8d3d-df6423ea4d32",
    "data": [
      {
        "text": "alter settings",
        "userDefined": false
      }
    ],
    "isTemplate": false,
    "count": 0,
    "updated": 0
  },
  {
    "id": "04e038d4-46a1-4669-9d17-6767753a2073",
    "data": [
      {
        "text": "i want to change the saved preferences",
        "userDefined": false
      }
    ],
    "isTemplate": false,
    "count": 0,
    "updated": 0
  },
  {
    "id": "47f061cb-40df-40d0-b395-aaf530d020b0",
    "data": [
      {
        "text": "change preferences",
        "userDefined": false
      }
    ],
    "isTemplate": false,
    "count": 0,
    "updated": 0
  },
  {
    "id": "2dceecfd-0eff-474f-883f-6712cd9b1aef",
    "data": [
      {
        "text": "adjust prayer settings",
        "userDefined": false
      }
    ],
    "isTemplate": false,
    "count": 0,
    "updated": 0
  },
  {
    "id": "d87ef67c-3b11-49c4-b912-9594a9462190",
    "data": [
      {
        "text": "change settings",
        "userDefined": false
      }
    ],
    "isTemplate": false,
    "count": 0,
    "updated": 0
  }
]